Reporting_Airline,Origin,OriginCityName,Dest,DestCityName,route,Origin_Latitude,Origin_Longitude,Dest_Latitude,Dest_Longitude
UA,ABQ,"Albuquerque, NM",DEN,"Denver, CO",ABQ-DEN,35.0402,-106.609,39.8617,-104.67299999999999
UA,ABQ,"Albuquerque, NM",IAH,"Houston, TX",ABQ-IAH,35.0402,-106.609,29.9844,-95.3414
UA,ALB,"Albany, NY",ORD,"Chicago, IL",ALB-ORD,42.7483,-73.8017,41.9786,-87.9047
UA,ANC,"Anchorage, AK",DEN,"Denver, CO",ANC-DEN,61.1744,-149.996,39.8617,-104.67299999999999
UA,ANC,"Anchorage, AK",ORD,"Chicago, IL",ANC-ORD,61.1744,-149.996,41.9786,-87.9047
UA,ANC,"Anchorage, AK",SFO,"San Francisco, CA",ANC-SFO,61.1744,-149.996,37.619,-122.375
UA,ATL,"Atlanta, GA",DEN,"Denver, CO",ATL-DEN,33.6367,-84.4281,39.8617,-104.67299999999999
UA,ATL,"Atlanta, GA",EWR,"Newark, NJ",ATL-EWR,33.6367,-84.4281,40.6925,-74.1686
UA,ATL,"Atlanta, GA",IAD,"Washington, DC",ATL-IAD,33.6367,-84.4281,38.9445,-77.4558
UA,ATL,"Atlanta, GA",IAH,"Houston, TX",ATL-IAH,33.6367,-84.4281,29.9844,-95.3414
UA,ATL,"Atlanta, GA",ORD,"Chicago, IL",ATL-ORD,33.6367,-84.4281,41.9786,-87.9047
UA,ATL,"Atlanta, GA",SFO,"San Francisco, CA",ATL-SFO,33.6367,-84.4281,37.619,-122.375
UA,AUS,"Austin, TX",DEN,"Denver, CO",AUS-DEN,30.1945,-97.6699,39.8617,-104.67299999999999
UA,AUS,"Austin, TX",EWR,"Newark, NJ",AUS-EWR,30.1945,-97.6699,40.6925,-74.1686
UA,AUS,"Austin, TX",IAD,"Washington, DC",AUS-IAD,30.1945,-97.6699,38.9445,-77.4558
UA,AUS,"Austin, TX",IAH,"Houston, TX",AUS-IAH,30.1945,-97.6699,29.9844,-95.3414
UA,AUS,"Austin, TX",LAX,"Los Angeles, CA",AUS-LAX,30.1945,-97.6699,33.9425,-118.40799999999999
UA,AUS,"Austin, TX",ORD,"Chicago, IL",AUS-ORD,30.1945,-97.6699,41.9786,-87.9047
UA,AUS,"Austin, TX",SFO,"San Francisco, CA",AUS-SFO,30.1945,-97.6699,37.619,-122.375
UA,AVL,"Asheville, NC",EWR,"Newark, NJ",AVL-EWR,35.4362,-82.5418,40.6925,-74.1686
UA,BDL,"Hartford, CT",DEN,"Denver, CO",BDL-DEN,41.9392,-72.6833,39.8617,-104.67299999999999
UA,BDL,"Hartford, CT",EWR,"Newark, NJ",BDL-EWR,41.9392,-72.6833,40.6925,-74.1686
UA,BDL,"Hartford, CT",IAD,"Washington, DC",BDL-IAD,41.9392,-72.6833,38.9445,-77.4558
UA,BDL,"Hartford, CT",ORD,"Chicago, IL",BDL-ORD,41.9392,-72.6833,41.9786,-87.9047
UA,BIL,"Billings, MT",DEN,"Denver, CO",BIL-DEN,45.8077,-108.54299999999999,39.8617,-104.67299999999999
UA,BNA,"Nashville, TN",EWR,"Newark, NJ",BNA-EWR,36.1245,-86.6782,40.6925,-74.1686
UA,BNA,"Nashville, TN",IAH,"Houston, TX",BNA-IAH,36.1245,-86.6782,29.9844,-95.3414
UA,BNA,"Nashville, TN",ORD,"Chicago, IL",BNA-ORD,36.1245,-86.6782,41.9786,-87.9047
UA,BNA,"Nashville, TN",SFO,"San Francisco, CA",BNA-SFO,36.1245,-86.6782,37.619,-122.375
UA,BOI,"Boise, ID",DEN,"Denver, CO",BOI-DEN,43.5644,-116.223,39.8617,-104.67299999999999
UA,BOI,"Boise, ID",SFO,"San Francisco, CA",BOI-SFO,43.5644,-116.223,37.619,-122.375
UA,BOS,"Boston, MA",DEN,"Denver, CO",BOS-DEN,42.3643,-71.0052,39.8617,-104.67299999999999
UA,BOS,"Boston, MA",EWR,"Newark, NJ",BOS-EWR,42.3643,-71.0052,40.6925,-74.1686
UA,BOS,"Boston, MA",IAD,"Washington, DC",BOS-IAD,42.3643,-71.0052,38.9445,-77.4558
UA,BOS,"Boston, MA",IAH,"Houston, TX",BOS-IAH,42.3643,-71.0052,29.9844,-95.3414
UA,BOS,"Boston, MA",LAX,"Los Angeles, CA",BOS-LAX,42.3643,-71.0052,33.9425,-118.40799999999999
UA,BOS,"Boston, MA",ORD,"Chicago, IL",BOS-ORD,42.3643,-71.0052,41.9786,-87.9047
UA,BOS,"Boston, MA",SFO,"San Francisco, CA",BOS-SFO,42.3643,-71.0052,37.619,-122.375
UA,BQN,"Aguadilla, PR",EWR,"Newark, NJ",BQN-EWR,18.4949,-67.1294,40.6925,-74.1686
UA,BTR,"Baton Rouge, LA",DCA,"Washington, DC",BTR-DCA,30.5332,-91.1496,38.8522,-77.0378
UA,BTV,"Burlington, VT",EWR,"Newark, NJ",BTV-EWR,44.4719,-73.1533,40.6925,-74.1686
UA,BTV,"Burlington, VT",ORD,"Chicago, IL",BTV-ORD,44.4719,-73.1533,41.9786,-87.9047
UA,BUF,"Buffalo, NY",EWR,"Newark, NJ",BUF-EWR,42.9405,-78.7322,40.6925,-74.1686
UA,BUF,"Buffalo, NY",ORD,"Chicago, IL",BUF-ORD,42.9405,-78.7322,41.9786,-87.9047
UA,BUR,"Burbank, CA",SFO,"San Francisco, CA",BUR-SFO,34.2007,-118.359,37.619,-122.375
UA,BWI,"Baltimore, MD",DEN,"Denver, CO",BWI-DEN,39.1753,-76.6683,39.8617,-104.67299999999999
UA,BWI,"Baltimore, MD",IAH,"Houston, TX",BWI-IAH,39.1753,-76.6683,29.9844,-95.3414
UA,BWI,"Baltimore, MD",LAX,"Los Angeles, CA",BWI-LAX,39.1753,-76.6683,33.9425,-118.40799999999999
UA,BWI,"Baltimore, MD",ORD,"Chicago, IL",BWI-ORD,39.1753,-76.6683,41.9786,-87.9047
UA,BWI,"Baltimore, MD",SFO,"San Francisco, CA",BWI-SFO,39.1753,-76.6683,37.619,-122.375
UA,BZN,"Bozeman, MT",DEN,"Denver, CO",BZN-DEN,45.7775,-111.15299999999999,39.8617,-104.67299999999999
UA,BZN,"Bozeman, MT",EWR,"Newark, NJ",BZN-EWR,45.7775,-111.15299999999999,40.6925,-74.1686
UA,BZN,"Bozeman, MT",ORD,"Chicago, IL",BZN-ORD,45.7775,-111.15299999999999,41.9786,-87.9047
UA,CHS,"Charleston, SC",EWR,"Newark, NJ",CHS-EWR,32.8986,-80.0405,40.6925,-74.1686
UA,CHS,"Charleston, SC",ORD,"Chicago, IL",CHS-ORD,32.8986,-80.0405,41.9786,-87.9047
UA,CID,"Cedar Rapids/Iowa City, IA",DEN,"Denver, CO",CID-DEN,41.8847,-91.7108,39.8617,-104.67299999999999
UA,CID,"Cedar Rapids/Iowa City, IA",ORD,"Chicago, IL",CID-ORD,41.8847,-91.7108,41.9786,-87.9047
UA,CLE,"Cleveland, OH",DEN,"Denver, CO",CLE-DEN,41.4117,-81.8498,39.8617,-104.67299999999999
UA,CLE,"Cleveland, OH",EWR,"Newark, NJ",CLE-EWR,41.4117,-81.8498,40.6925,-74.1686
UA,CLE,"Cleveland, OH",FLL,"Fort Lauderdale, FL",CLE-FLL,41.4117,-81.8498,26.0726,-80.1527
UA,CLE,"Cleveland, OH",IAD,"Washington, DC",CLE-IAD,41.4117,-81.8498,38.9445,-77.4558
UA,CLE,"Cleveland, OH",IAH,"Houston, TX",CLE-IAH,41.4117,-81.8498,29.9844,-95.3414
UA,CLE,"Cleveland, OH",LAX,"Los Angeles, CA",CLE-LAX,41.4117,-81.8498,33.9425,-118.40799999999999
UA,CLE,"Cleveland, OH",MCO,"Orlando, FL",CLE-MCO,41.4117,-81.8498,28.4294,-81.309
UA,CLE,"Cleveland, OH",ORD,"Chicago, IL",CLE-ORD,41.4117,-81.8498,41.9786,-87.9047
UA,CLE,"Cleveland, OH",RSW,"Fort Myers, FL",CLE-RSW,41.4117,-81.8498,26.5362,-81.7552
UA,CLE,"Cleveland, OH",SFO,"San Francisco, CA",CLE-SFO,41.4117,-81.8498,37.619,-122.375
UA,CLT,"Charlotte, NC",DEN,"Denver, CO",CLT-DEN,35.214,-80.9431,39.8617,-104.67299999999999
UA,CLT,"Charlotte, NC",EWR,"Newark, NJ",CLT-EWR,35.214,-80.9431,40.6925,-74.1686
UA,CLT,"Charlotte, NC",IAD,"Washington, DC",CLT-IAD,35.214,-80.9431,38.9445,-77.4558
UA,CLT,"Charlotte, NC",ORD,"Chicago, IL",CLT-ORD,35.214,-80.9431,41.9786,-87.9047
UA,CVG,"Cincinnati, OH",ORD,"Chicago, IL",CVG-ORD,39.0488,-84.6678,41.9786,-87.9047
UA,CVG,"Cincinnati, OH",SFO,"San Francisco, CA",CVG-SFO,39.0488,-84.6678,37.619,-122.375
UA,DCA,"Washington, DC",BTR,"Baton Rouge, LA",DCA-BTR,38.8522,-77.0378,30.5332,-91.1496
UA,DCA,"Washington, DC",DEN,"Denver, CO",DCA-DEN,38.8522,-77.0378,39.8617,-104.67299999999999
UA,DCA,"Washington, DC",IAH,"Houston, TX",DCA-IAH,38.8522,-77.0378,29.9844,-95.3414
UA,DCA,"Washington, DC",ORD,"Chicago, IL",DCA-ORD,38.8522,-77.0378,41.9786,-87.9047
UA,DCA,"Washington, DC",SFO,"San Francisco, CA",DCA-SFO,38.8522,-77.0378,37.619,-122.375
UA,DEN,"Denver, CO",ABQ,"Albuquerque, NM",DEN-ABQ,39.8617,-104.67299999999999,35.0402,-106.609
UA,DEN,"Denver, CO",ANC,"Anchorage, AK",DEN-ANC,39.8617,-104.67299999999999,61.1744,-149.996
UA,DEN,"Denver, CO",ATL,"Atlanta, GA",DEN-ATL,39.8617,-104.67299999999999,33.6367,-84.4281
UA,DEN,"Denver, CO",AUS,"Austin, TX",DEN-AUS,39.8617,-104.67299999999999,30.1945,-97.6699
UA,DEN,"Denver, CO",BDL,"Hartford, CT",DEN-BDL,39.8617,-104.67299999999999,41.9392,-72.6833
UA,DEN,"Denver, CO",BIL,"Billings, MT",DEN-BIL,39.8617,-104.67299999999999,45.8077,-108.54299999999999
UA,DEN,"Denver, CO",BOI,"Boise, ID",DEN-BOI,39.8617,-104.67299999999999,43.5644,-116.223
UA,DEN,"Denver, CO",BOS,"Boston, MA",DEN-BOS,39.8617,-104.67299999999999,42.3643,-71.0052
UA,DEN,"Denver, CO",BWI,"Baltimore, MD",DEN-BWI,39.8617,-104.67299999999999,39.1753,-76.6683
UA,DEN,"Denver, CO",BZN,"Bozeman, MT",DEN-BZN,39.8617,-104.67299999999999,45.7775,-111.15299999999999
UA,DEN,"Denver, CO",CID,"Cedar Rapids/Iowa City, IA",DEN-CID,39.8617,-104.67299999999999,41.8847,-91.7108
UA,DEN,"Denver, CO",CLE,"Cleveland, OH",DEN-CLE,39.8617,-104.67299999999999,41.4117,-81.8498
UA,DEN,"Denver, CO",CLT,"Charlotte, NC",DEN-CLT,39.8617,-104.67299999999999,35.214,-80.9431
UA,DEN,"Denver, CO",DCA,"Washington, DC",DEN-DCA,39.8617,-104.67299999999999,38.8522,-77.0378
UA,DEN,"Denver, CO",DFW,"Dallas/Fort Worth, TX",DEN-DFW,39.8617,-104.67299999999999,32.8968,-97.038
UA,DEN,"Denver, CO",DSM,"Des Moines, IA",DEN-DSM,39.8617,-104.67299999999999,41.534,-93.6631
UA,DEN,"Denver, CO",DTW,"Detroit, MI",DEN-DTW,39.8617,-104.67299999999999,42.2125,-83.3533
UA,DEN,"Denver, CO",EGE,"Eagle, CO",DEN-EGE,39.8617,-104.67299999999999,39.6426,-106.91799999999999
UA,DEN,"Denver, CO",EUG,"Eugene, OR",DEN-EUG,39.8617,-104.67299999999999,44.1246,-123.212
UA,DEN,"Denver, CO",EWR,"Newark, NJ",DEN-EWR,39.8617,-104.67299999999999,40.6925,-74.1686
UA,DEN,"Denver, CO",FLL,"Fort Lauderdale, FL",DEN-FLL,39.8617,-104.67299999999999,26.0726,-80.1527
UA,DEN,"Denver, CO",FSD,"Sioux Falls, SD",DEN-FSD,39.8617,-104.67299999999999,43.582,-96.7419
UA,DEN,"Denver, CO",GEG,"Spokane, WA",DEN-GEG,39.8617,-104.67299999999999,47.6199,-117.53399999999999
UA,DEN,"Denver, CO",GRR,"Grand Rapids, MI",DEN-GRR,39.8617,-104.67299999999999,42.8808,-85.5228
UA,DEN,"Denver, CO",HNL,"Honolulu, HI",DEN-HNL,39.8617,-104.67299999999999,21.3206,-157.924
UA,DEN,"Denver, CO",IAD,"Washington, DC",DEN-IAD,39.8617,-104.67299999999999,38.9445,-77.4558
UA,DEN,"Denver, CO",IAH,"Houston, TX",DEN-IAH,39.8617,-104.67299999999999,29.9844,-95.3414
UA,DEN,"Denver, CO",ICT,"Wichita, KS",DEN-ICT,39.8617,-104.67299999999999,37.6499,-97.4331
UA,DEN,"Denver, CO",JAC,"Jackson, WY",DEN-JAC,39.8617,-104.67299999999999,43.6073,-110.738
UA,DEN,"Denver, CO",KOA,"Kona, HI",DEN-KOA,39.8617,-104.67299999999999,19.7388,-156.046
UA,DEN,"Denver, CO",LAS,"Las Vegas, NV",DEN-LAS,39.8617,-104.67299999999999,36.0801,-115.152
UA,DEN,"Denver, CO",LAX,"Los Angeles, CA",DEN-LAX,39.8617,-104.67299999999999,33.9425,-118.40799999999999
UA,DEN,"Denver, CO",LGA,"New York, NY",DEN-LGA,39.8617,-104.67299999999999,40.775,-73.875
UA,DEN,"Denver, CO",LIH,"Lihue, HI",DEN-LIH,39.8617,-104.67299999999999,21.976,-159.339
UA,DEN,"Denver, CO",MCI,"Kansas City, MO",DEN-MCI,39.8617,-104.67299999999999,39.2976,-94.7139
UA,DEN,"Denver, CO",MCO,"Orlando, FL",DEN-MCO,39.8617,-104.67299999999999,28.4294,-81.309
UA,DEN,"Denver, CO",MIA,"Miami, FL",DEN-MIA,39.8617,-104.67299999999999,25.7932,-80.2906
UA,DEN,"Denver, CO",MKE,"Milwaukee, WI",DEN-MKE,39.8617,-104.67299999999999,42.9472,-87.8966
UA,DEN,"Denver, CO",MSN,"Madison, WI",DEN-MSN,39.8617,-104.67299999999999,43.1399,-89.3375
UA,DEN,"Denver, CO",MSP,"Minneapolis, MN",DEN-MSP,39.8617,-104.67299999999999,44.882,-93.2218
UA,DEN,"Denver, CO",MSY,"New Orleans, LA",DEN-MSY,39.8617,-104.67299999999999,29.9934,-90.258
UA,DEN,"Denver, CO",OGG,"Kahului, HI",DEN-OGG,39.8617,-104.67299999999999,20.8986,-156.43
UA,DEN,"Denver, CO",OKC,"Oklahoma City, OK",DEN-OKC,39.8617,-104.67299999999999,35.3931,-97.6007
UA,DEN,"Denver, CO",OMA,"Omaha, NE",DEN-OMA,39.8617,-104.67299999999999,41.3032,-95.8941
UA,DEN,"Denver, CO",ONT,"Ontario, CA",DEN-ONT,39.8617,-104.67299999999999,34.056,-117.601
UA,DEN,"Denver, CO",ORD,"Chicago, IL",DEN-ORD,39.8617,-104.67299999999999,41.9786,-87.9047
UA,DEN,"Denver, CO",PDX,"Portland, OR",DEN-PDX,39.8617,-104.67299999999999,45.5887,-122.598
UA,DEN,"Denver, CO",PHL,"Philadelphia, PA",DEN-PHL,39.8617,-104.67299999999999,39.8719,-75.2411
UA,DEN,"Denver, CO",PHX,"Phoenix, AZ",DEN-PHX,39.8617,-104.67299999999999,33.4343,-112.012
UA,DEN,"Denver, CO",PIT,"Pittsburgh, PA",DEN-PIT,39.8617,-104.67299999999999,40.4915,-80.2329
UA,DEN,"Denver, CO",PSP,"Palm Springs, CA",DEN-PSP,39.8617,-104.67299999999999,33.8297,-116.507
UA,DEN,"Denver, CO",RDU,"Raleigh/Durham, NC",DEN-RDU,39.8617,-104.67299999999999,35.8776,-78.7875
UA,DEN,"Denver, CO",RIC,"Richmond, VA",DEN-RIC,39.8617,-104.67299999999999,37.5052,-77.3197
UA,DEN,"Denver, CO",RNO,"Reno, NV",DEN-RNO,39.8617,-104.67299999999999,39.4991,-119.76799999999999
UA,DEN,"Denver, CO",RSW,"Fort Myers, FL",DEN-RSW,39.8617,-104.67299999999999,26.5362,-81.7552
UA,DEN,"Denver, CO",SAN,"San Diego, CA",DEN-SAN,39.8617,-104.67299999999999,32.7336,-117.19
UA,DEN,"Denver, CO",SAT,"San Antonio, TX",DEN-SAT,39.8617,-104.67299999999999,29.5337,-98.4698
UA,DEN,"Denver, CO",SEA,"Seattle, WA",DEN-SEA,39.8617,-104.67299999999999,47.449,-122.309
UA,DEN,"Denver, CO",SFO,"San Francisco, CA",DEN-SFO,39.8617,-104.67299999999999,37.619,-122.375
UA,DEN,"Denver, CO",SJC,"San Jose, CA",DEN-SJC,39.8617,-104.67299999999999,37.3626,-121.929
UA,DEN,"Denver, CO",SLC,"Salt Lake City, UT",DEN-SLC,39.8617,-104.67299999999999,40.7884,-111.978
UA,DEN,"Denver, CO",SMF,"Sacramento, CA",DEN-SMF,39.8617,-104.67299999999999,38.6954,-121.59100000000001
UA,DEN,"Denver, CO",SNA,"Santa Ana, CA",DEN-SNA,39.8617,-104.67299999999999,33.6757,-117.868
UA,DEN,"Denver, CO",TPA,"Tampa, FL",DEN-TPA,39.8617,-104.67299999999999,27.9755,-82.5332
UA,DEN,"Denver, CO",TUS,"Tucson, AZ",DEN-TUS,39.8617,-104.67299999999999,32.1161,-110.941
UA,DFW,"Dallas/Fort Worth, TX",DEN,"Denver, CO",DFW-DEN,32.8968,-97.038,39.8617,-104.67299999999999
UA,DFW,"Dallas/Fort Worth, TX",EWR,"Newark, NJ",DFW-EWR,32.8968,-97.038,40.6925,-74.1686
UA,DFW,"Dallas/Fort Worth, TX",IAD,"Washington, DC",DFW-IAD,32.8968,-97.038,38.9445,-77.4558
UA,DFW,"Dallas/Fort Worth, TX",IAH,"Houston, TX",DFW-IAH,32.8968,-97.038,29.9844,-95.3414
UA,DFW,"Dallas/Fort Worth, TX",LAX,"Los Angeles, CA",DFW-LAX,32.8968,-97.038,33.9425,-118.40799999999999
UA,DFW,"Dallas/Fort Worth, TX",ORD,"Chicago, IL",DFW-ORD,32.8968,-97.038,41.9786,-87.9047
UA,DFW,"Dallas/Fort Worth, TX",SFO,"San Francisco, CA",DFW-SFO,32.8968,-97.038,37.619,-122.375
UA,DSM,"Des Moines, IA",DEN,"Denver, CO",DSM-DEN,41.534,-93.6631,39.8617,-104.67299999999999
UA,DSM,"Des Moines, IA",ORD,"Chicago, IL",DSM-ORD,41.534,-93.6631,41.9786,-87.9047
UA,DTW,"Detroit, MI",DEN,"Denver, CO",DTW-DEN,42.2125,-83.3533,39.8617,-104.67299999999999
UA,DTW,"Detroit, MI",EWR,"Newark, NJ",DTW-EWR,42.2125,-83.3533,40.6925,-74.1686
UA,DTW,"Detroit, MI",IAH,"Houston, TX",DTW-IAH,42.2125,-83.3533,29.9844,-95.3414
UA,DTW,"Detroit, MI",ORD,"Chicago, IL",DTW-ORD,42.2125,-83.3533,41.9786,-87.9047
UA,DTW,"Detroit, MI",SFO,"San Francisco, CA",DTW-SFO,42.2125,-83.3533,37.619,-122.375
UA,EGE,"Eagle, CO",DEN,"Denver, CO",EGE-DEN,39.6426,-106.91799999999999,39.8617,-104.67299999999999
UA,EGE,"Eagle, CO",EWR,"Newark, NJ",EGE-EWR,39.6426,-106.91799999999999,40.6925,-74.1686
UA,EGE,"Eagle, CO",IAD,"Washington, DC",EGE-IAD,39.6426,-106.91799999999999,38.9445,-77.4558
UA,EGE,"Eagle, CO",IAH,"Houston, TX",EGE-IAH,39.6426,-106.91799999999999,29.9844,-95.3414
UA,EGE,"Eagle, CO",ORD,"Chicago, IL",EGE-ORD,39.6426,-106.91799999999999,41.9786,-87.9047
UA,EUG,"Eugene, OR",DEN,"Denver, CO",EUG-DEN,44.1246,-123.212,39.8617,-104.67299999999999
UA,EUG,"Eugene, OR",SFO,"San Francisco, CA",EUG-SFO,44.1246,-123.212,37.619,-122.375
UA,EWR,"Newark, NJ",ATL,"Atlanta, GA",EWR-ATL,40.6925,-74.1686,33.6367,-84.4281
UA,EWR,"Newark, NJ",AUS,"Austin, TX",EWR-AUS,40.6925,-74.1686,30.1945,-97.6699
UA,EWR,"Newark, NJ",AVL,"Asheville, NC",EWR-AVL,40.6925,-74.1686,35.4362,-82.5418
UA,EWR,"Newark, NJ",BDL,"Hartford, CT",EWR-BDL,40.6925,-74.1686,41.9392,-72.6833
UA,EWR,"Newark, NJ",BNA,"Nashville, TN",EWR-BNA,40.6925,-74.1686,36.1245,-86.6782
UA,EWR,"Newark, NJ",BOS,"Boston, MA",EWR-BOS,40.6925,-74.1686,42.3643,-71.0052
UA,EWR,"Newark, NJ",BQN,"Aguadilla, PR",EWR-BQN,40.6925,-74.1686,18.4949,-67.1294
UA,EWR,"Newark, NJ",BTV,"Burlington, VT",EWR-BTV,40.6925,-74.1686,44.4719,-73.1533
UA,EWR,"Newark, NJ",BUF,"Buffalo, NY",EWR-BUF,40.6925,-74.1686,42.9405,-78.7322
UA,EWR,"Newark, NJ",BZN,"Bozeman, MT",EWR-BZN,40.6925,-74.1686,45.7775,-111.15299999999999
UA,EWR,"Newark, NJ",CHS,"Charleston, SC",EWR-CHS,40.6925,-74.1686,32.8986,-80.0405
UA,EWR,"Newark, NJ",CLE,"Cleveland, OH",EWR-CLE,40.6925,-74.1686,41.4117,-81.8498
UA,EWR,"Newark, NJ",CLT,"Charlotte, NC",EWR-CLT,40.6925,-74.1686,35.214,-80.9431
UA,EWR,"Newark, NJ",DEN,"Denver, CO",EWR-DEN,40.6925,-74.1686,39.8617,-104.67299999999999
UA,EWR,"Newark, NJ",DFW,"Dallas/Fort Worth, TX",EWR-DFW,40.6925,-74.1686,32.8968,-97.038
UA,EWR,"Newark, NJ",EGE,"Eagle, CO",EWR-EGE,40.6925,-74.1686,39.6426,-106.91799999999999
UA,EWR,"Newark, NJ",FLL,"Fort Lauderdale, FL",EWR-FLL,40.6925,-74.1686,26.0726,-80.1527
UA,EWR,"Newark, NJ",HDN,"Hayden, CO",EWR-HDN,40.6925,-74.1686,40.4812,-107.21799999999999
UA,EWR,"Newark, NJ",HNL,"Honolulu, HI",EWR-HNL,40.6925,-74.1686,21.3206,-157.924
UA,EWR,"Newark, NJ",IAD,"Washington, DC",EWR-IAD,40.6925,-74.1686,38.9445,-77.4558
UA,EWR,"Newark, NJ",IAH,"Houston, TX",EWR-IAH,40.6925,-74.1686,29.9844,-95.3414
UA,EWR,"Newark, NJ",JAC,"Jackson, WY",EWR-JAC,40.6925,-74.1686,43.6073,-110.738
UA,EWR,"Newark, NJ",JAX,"Jacksonville, FL",EWR-JAX,40.6925,-74.1686,30.4941,-81.6879
UA,EWR,"Newark, NJ",LAS,"Las Vegas, NV",EWR-LAS,40.6925,-74.1686,36.0801,-115.152
UA,EWR,"Newark, NJ",LAX,"Los Angeles, CA",EWR-LAX,40.6925,-74.1686,33.9425,-118.40799999999999
UA,EWR,"Newark, NJ",MCO,"Orlando, FL",EWR-MCO,40.6925,-74.1686,28.4294,-81.309
UA,EWR,"Newark, NJ",MIA,"Miami, FL",EWR-MIA,40.6925,-74.1686,25.7932,-80.2906
UA,EWR,"Newark, NJ",MSY,"New Orleans, LA",EWR-MSY,40.6925,-74.1686,29.9934,-90.258
UA,EWR,"Newark, NJ",MTJ,"Montrose/Delta, CO",EWR-MTJ,40.6925,-74.1686,38.5098,-107.89399999999999
UA,EWR,"Newark, NJ",MYR,"Myrtle Beach, SC",EWR-MYR,40.6925,-74.1686,33.6797,-78.9283
UA,EWR,"Newark, NJ",ORD,"Chicago, IL",EWR-ORD,40.6925,-74.1686,41.9786,-87.9047
UA,EWR,"Newark, NJ",PBI,"West Palm Beach/Palm Beach, FL",EWR-PBI,40.6925,-74.1686,26.6832,-80.0956
UA,EWR,"Newark, NJ",PDX,"Portland, OR",EWR-PDX,40.6925,-74.1686,45.5887,-122.598
UA,EWR,"Newark, NJ",PHX,"Phoenix, AZ",EWR-PHX,40.6925,-74.1686,33.4343,-112.012
UA,EWR,"Newark, NJ",PIT,"Pittsburgh, PA",EWR-PIT,40.6925,-74.1686,40.4915,-80.2329
UA,EWR,"Newark, NJ",PWM,"Portland, ME",EWR-PWM,40.6925,-74.1686,43.6462,-70.3093
UA,EWR,"Newark, NJ",RDU,"Raleigh/Durham, NC",EWR-RDU,40.6925,-74.1686,35.8776,-78.7875
UA,EWR,"Newark, NJ",ROC,"Rochester, NY",EWR-ROC,40.6925,-74.1686,43.1189,-77.6724
UA,EWR,"Newark, NJ",RSW,"Fort Myers, FL",EWR-RSW,40.6925,-74.1686,26.5362,-81.7552
UA,EWR,"Newark, NJ",SAN,"San Diego, CA",EWR-SAN,40.6925,-74.1686,32.7336,-117.19
UA,EWR,"Newark, NJ",SAT,"San Antonio, TX",EWR-SAT,40.6925,-74.1686,29.5337,-98.4698
UA,EWR,"Newark, NJ",SAV,"Savannah, GA",EWR-SAV,40.6925,-74.1686,32.1276,-81.2021
UA,EWR,"Newark, NJ",SEA,"Seattle, WA",EWR-SEA,40.6925,-74.1686,47.449,-122.309
UA,EWR,"Newark, NJ",SFO,"San Francisco, CA",EWR-SFO,40.6925,-74.1686,37.619,-122.375
UA,EWR,"Newark, NJ",SJC,"San Jose, CA",EWR-SJC,40.6925,-74.1686,37.3626,-121.929
UA,EWR,"Newark, NJ",SJU,"San Juan, PR",EWR-SJU,40.6925,-74.1686,18.4394,-66.0018
UA,EWR,"Newark, NJ",SLC,"Salt Lake City, UT",EWR-SLC,40.6925,-74.1686,40.7884,-111.978
UA,EWR,"Newark, NJ",SMF,"Sacramento, CA",EWR-SMF,40.6925,-74.1686,38.6954,-121.59100000000001
UA,EWR,"Newark, NJ",SNA,"Santa Ana, CA",EWR-SNA,40.6925,-74.1686,33.6757,-117.868
UA,EWR,"Newark, NJ",SRQ,"Sarasota/Bradenton, FL",EWR-SRQ,40.6925,-74.1686,27.3954,-82.5544
UA,EWR,"Newark, NJ",TPA,"Tampa, FL",EWR-TPA,40.6925,-74.1686,27.9755,-82.5332
UA,EWR,"Newark, NJ",TYS,"Knoxville, TN",EWR-TYS,40.6925,-74.1686,35.811,-83.994
UA,FAT,"Fresno, CA",SFO,"San Francisco, CA",FAT-SFO,36.7762,-119.71799999999999,37.619,-122.375
UA,FLL,"Fort Lauderdale, FL",CLE,"Cleveland, OH",FLL-CLE,26.0726,-80.1527,41.4117,-81.8498
UA,FLL,"Fort Lauderdale, FL",DEN,"Denver, CO",FLL-DEN,26.0726,-80.1527,39.8617,-104.67299999999999
UA,FLL,"Fort Lauderdale, FL",EWR,"Newark, NJ",FLL-EWR,26.0726,-80.1527,40.6925,-74.1686
UA,FLL,"Fort Lauderdale, FL",IAD,"Washington, DC",FLL-IAD,26.0726,-80.1527,38.9445,-77.4558
UA,FLL,"Fort Lauderdale, FL",IAH,"Houston, TX",FLL-IAH,26.0726,-80.1527,29.9844,-95.3414
UA,FLL,"Fort Lauderdale, FL",ORD,"Chicago, IL",FLL-ORD,26.0726,-80.1527,41.9786,-87.9047
UA,FLL,"Fort Lauderdale, FL",SFO,"San Francisco, CA",FLL-SFO,26.0726,-80.1527,37.619,-122.375
UA,FSD,"Sioux Falls, SD",DEN,"Denver, CO",FSD-DEN,43.582,-96.7419,39.8617,-104.67299999999999
UA,GEG,"Spokane, WA",DEN,"Denver, CO",GEG-DEN,47.6199,-117.53399999999999,39.8617,-104.67299999999999
UA,GRR,"Grand Rapids, MI",DEN,"Denver, CO",GRR-DEN,42.8808,-85.5228,39.8617,-104.67299999999999
UA,GRR,"Grand Rapids, MI",ORD,"Chicago, IL",GRR-ORD,42.8808,-85.5228,41.9786,-87.9047
UA,GUC,"Gunnison, CO",IAH,"Houston, TX",GUC-IAH,38.5339,-106.93299999999999,29.9844,-95.3414
UA,GUM,"Guam, TT",HNL,"Honolulu, HI",GUM-HNL,13.4839,144.797,21.3206,-157.924
UA,HDN,"Hayden, CO",EWR,"Newark, NJ",HDN-EWR,40.4812,-107.21799999999999,40.6925,-74.1686
UA,HDN,"Hayden, CO",IAD,"Washington, DC",HDN-IAD,40.4812,-107.21799999999999,38.9445,-77.4558
UA,HDN,"Hayden, CO",IAH,"Houston, TX",HDN-IAH,40.4812,-107.21799999999999,29.9844,-95.3414
UA,HNL,"Honolulu, HI",DEN,"Denver, CO",HNL-DEN,21.3206,-157.924,39.8617,-104.67299999999999
UA,HNL,"Honolulu, HI",EWR,"Newark, NJ",HNL-EWR,21.3206,-157.924,40.6925,-74.1686
UA,HNL,"Honolulu, HI",GUM,"Guam, TT",HNL-GUM,21.3206,-157.924,13.4839,144.797
UA,HNL,"Honolulu, HI",IAD,"Washington, DC",HNL-IAD,21.3206,-157.924,38.9445,-77.4558
UA,HNL,"Honolulu, HI",IAH,"Houston, TX",HNL-IAH,21.3206,-157.924,29.9844,-95.3414
UA,HNL,"Honolulu, HI",LAX,"Los Angeles, CA",HNL-LAX,21.3206,-157.924,33.9425,-118.40799999999999
UA,HNL,"Honolulu, HI",ORD,"Chicago, IL",HNL-ORD,21.3206,-157.924,41.9786,-87.9047
UA,HNL,"Honolulu, HI",SFO,"San Francisco, CA",HNL-SFO,21.3206,-157.924,37.619,-122.375
UA,IAD,"Washington, DC",ATL,"Atlanta, GA",IAD-ATL,38.9445,-77.4558,33.6367,-84.4281
UA,IAD,"Washington, DC",AUS,"Austin, TX",IAD-AUS,38.9445,-77.4558,30.1945,-97.6699
UA,IAD,"Washington, DC",BDL,"Hartford, CT",IAD-BDL,38.9445,-77.4558,41.9392,-72.6833
UA,IAD,"Washington, DC",BOS,"Boston, MA",IAD-BOS,38.9445,-77.4558,42.3643,-71.0052
UA,IAD,"Washington, DC",CLE,"Cleveland, OH",IAD-CLE,38.9445,-77.4558,41.4117,-81.8498
UA,IAD,"Washington, DC",CLT,"Charlotte, NC",IAD-CLT,38.9445,-77.4558,35.214,-80.9431
UA,IAD,"Washington, DC",DEN,"Denver, CO",IAD-DEN,38.9445,-77.4558,39.8617,-104.67299999999999
UA,IAD,"Washington, DC",EGE,"Eagle, CO",IAD-EGE,38.9445,-77.4558,39.6426,-106.91799999999999
UA,IAD,"Washington, DC",EWR,"Newark, NJ",IAD-EWR,38.9445,-77.4558,40.6925,-74.1686
UA,IAD,"Washington, DC",FLL,"Fort Lauderdale, FL",IAD-FLL,38.9445,-77.4558,26.0726,-80.1527
UA,IAD,"Washington, DC",HDN,"Hayden, CO",IAD-HDN,38.9445,-77.4558,40.4812,-107.21799999999999
UA,IAD,"Washington, DC",HNL,"Honolulu, HI",IAD-HNL,38.9445,-77.4558,21.3206,-157.924
UA,IAD,"Washington, DC",IAH,"Houston, TX",IAD-IAH,38.9445,-77.4558,29.9844,-95.3414
UA,IAD,"Washington, DC",LAS,"Las Vegas, NV",IAD-LAS,38.9445,-77.4558,36.0801,-115.152
UA,IAD,"Washington, DC",LAX,"Los Angeles, CA",IAD-LAX,38.9445,-77.4558,33.9425,-118.40799999999999
UA,IAD,"Washington, DC",MCO,"Orlando, FL",IAD-MCO,38.9445,-77.4558,28.4294,-81.309
UA,IAD,"Washington, DC",MSY,"New Orleans, LA",IAD-MSY,38.9445,-77.4558,29.9934,-90.258
UA,IAD,"Washington, DC",ORD,"Chicago, IL",IAD-ORD,38.9445,-77.4558,41.9786,-87.9047
UA,IAD,"Washington, DC",ORF,"Norfolk, VA",IAD-ORF,38.9445,-77.4558,36.8946,-76.2012
UA,IAD,"Washington, DC",PDX,"Portland, OR",IAD-PDX,38.9445,-77.4558,45.5887,-122.598
UA,IAD,"Washington, DC",PHX,"Phoenix, AZ",IAD-PHX,38.9445,-77.4558,33.4343,-112.012
UA,IAD,"Washington, DC",RDU,"Raleigh/Durham, NC",IAD-RDU,38.9445,-77.4558,35.8776,-78.7875
UA,IAD,"Washington, DC",SAN,"San Diego, CA",IAD-SAN,38.9445,-77.4558,32.7336,-117.19
UA,IAD,"Washington, DC",SAT,"San Antonio, TX",IAD-SAT,38.9445,-77.4558,29.5337,-98.4698
UA,IAD,"Washington, DC",SEA,"Seattle, WA",IAD-SEA,38.9445,-77.4558,47.449,-122.309
UA,IAD,"Washington, DC",SFO,"San Francisco, CA",IAD-SFO,38.9445,-77.4558,37.619,-122.375
UA,IAD,"Washington, DC",SJU,"San Juan, PR",IAD-SJU,38.9445,-77.4558,18.4394,-66.0018
UA,IAD,"Washington, DC",SMF,"Sacramento, CA",IAD-SMF,38.9445,-77.4558,38.6954,-121.59100000000001
UA,IAD,"Washington, DC",TPA,"Tampa, FL",IAD-TPA,38.9445,-77.4558,27.9755,-82.5332
UA,IAH,"Houston, TX",ABQ,"Albuquerque, NM",IAH-ABQ,29.9844,-95.3414,35.0402,-106.609
UA,IAH,"Houston, TX",ATL,"Atlanta, GA",IAH-ATL,29.9844,-95.3414,33.6367,-84.4281
UA,IAH,"Houston, TX",AUS,"Austin, TX",IAH-AUS,29.9844,-95.3414,30.1945,-97.6699
UA,IAH,"Houston, TX",BNA,"Nashville, TN",IAH-BNA,29.9844,-95.3414,36.1245,-86.6782
UA,IAH,"Houston, TX",BOS,"Boston, MA",IAH-BOS,29.9844,-95.3414,42.3643,-71.0052
UA,IAH,"Houston, TX",BTR,"Baton Rouge, LA",IAH-BTR,29.9844,-95.3414,30.5332,-91.1496
UA,IAH,"Houston, TX",BWI,"Baltimore, MD",IAH-BWI,29.9844,-95.3414,39.1753,-76.6683
UA,IAH,"Houston, TX",CLE,"Cleveland, OH",IAH-CLE,29.9844,-95.3414,41.4117,-81.8498
UA,IAH,"Houston, TX",CLT,"Charlotte, NC",IAH-CLT,29.9844,-95.3414,35.214,-80.9431
UA,IAH,"Houston, TX",DCA,"Washington, DC",IAH-DCA,29.9844,-95.3414,38.8522,-77.0378
UA,IAH,"Houston, TX",DEN,"Denver, CO",IAH-DEN,29.9844,-95.3414,39.8617,-104.67299999999999
UA,IAH,"Houston, TX",DFW,"Dallas/Fort Worth, TX",IAH-DFW,29.9844,-95.3414,32.8968,-97.038
UA,IAH,"Houston, TX",DTW,"Detroit, MI",IAH-DTW,29.9844,-95.3414,42.2125,-83.3533
UA,IAH,"Houston, TX",EGE,"Eagle, CO",IAH-EGE,29.9844,-95.3414,39.6426,-106.91799999999999
UA,IAH,"Houston, TX",EWR,"Newark, NJ",IAH-EWR,29.9844,-95.3414,40.6925,-74.1686
UA,IAH,"Houston, TX",FLL,"Fort Lauderdale, FL",IAH-FLL,29.9844,-95.3414,26.0726,-80.1527
UA,IAH,"Houston, TX",GUC,"Gunnison, CO",IAH-GUC,29.9844,-95.3414,38.5339,-106.93299999999999
UA,IAH,"Houston, TX",HDN,"Hayden, CO",IAH-HDN,29.9844,-95.3414,40.4812,-107.21799999999999
UA,IAH,"Houston, TX",HNL,"Honolulu, HI",IAH-HNL,29.9844,-95.3414,21.3206,-157.924
UA,IAH,"Houston, TX",IAD,"Washington, DC",IAH-IAD,29.9844,-95.3414,38.9445,-77.4558
UA,IAH,"Houston, TX",IND,"Indianapolis, IN",IAH-IND,29.9844,-95.3414,39.7173,-86.2944
UA,IAH,"Houston, TX",JAC,"Jackson, WY",IAH-JAC,29.9844,-95.3414,43.6073,-110.738
UA,IAH,"Houston, TX",JAX,"Jacksonville, FL",IAH-JAX,29.9844,-95.3414,30.4941,-81.6879
UA,IAH,"Houston, TX",LAS,"Las Vegas, NV",IAH-LAS,29.9844,-95.3414,36.0801,-115.152
UA,IAH,"Houston, TX",LAX,"Los Angeles, CA",IAH-LAX,29.9844,-95.3414,33.9425,-118.40799999999999
UA,IAH,"Houston, TX",LGA,"New York, NY",IAH-LGA,29.9844,-95.3414,40.775,-73.875
UA,IAH,"Houston, TX",MCO,"Orlando, FL",IAH-MCO,29.9844,-95.3414,28.4294,-81.309
UA,IAH,"Houston, TX",MEM,"Memphis, TN",IAH-MEM,29.9844,-95.3414,35.0424,-89.9767
UA,IAH,"Houston, TX",MFE,"Mission/McAllen/Edinburg, TX",IAH-MFE,29.9844,-95.3414,26.1758,-98.2386
UA,IAH,"Houston, TX",MIA,"Miami, FL",IAH-MIA,29.9844,-95.3414,25.7932,-80.2906
UA,IAH,"Houston, TX",MSP,"Minneapolis, MN",IAH-MSP,29.9844,-95.3414,44.882,-93.2218
UA,IAH,"Houston, TX",MSY,"New Orleans, LA",IAH-MSY,29.9844,-95.3414,29.9934,-90.258
UA,IAH,"Houston, TX",MTJ,"Montrose/Delta, CO",IAH-MTJ,29.9844,-95.3414,38.5098,-107.89399999999999
UA,IAH,"Houston, TX",OKC,"Oklahoma City, OK",IAH-OKC,29.9844,-95.3414,35.3931,-97.6007
UA,IAH,"Houston, TX",ORD,"Chicago, IL",IAH-ORD,29.9844,-95.3414,41.9786,-87.9047
UA,IAH,"Houston, TX",ORF,"Norfolk, VA",IAH-ORF,29.9844,-95.3414,36.8946,-76.2012
UA,IAH,"Houston, TX",PBI,"West Palm Beach/Palm Beach, FL",IAH-PBI,29.9844,-95.3414,26.6832,-80.0956
UA,IAH,"Houston, TX",PDX,"Portland, OR",IAH-PDX,29.9844,-95.3414,45.5887,-122.598
UA,IAH,"Houston, TX",PHL,"Philadelphia, PA",IAH-PHL,29.9844,-95.3414,39.8719,-75.2411
UA,IAH,"Houston, TX",PHX,"Phoenix, AZ",IAH-PHX,29.9844,-95.3414,33.4343,-112.012
UA,IAH,"Houston, TX",RDU,"Raleigh/Durham, NC",IAH-RDU,29.9844,-95.3414,35.8776,-78.7875
UA,IAH,"Houston, TX",RSW,"Fort Myers, FL",IAH-RSW,29.9844,-95.3414,26.5362,-81.7552
UA,IAH,"Houston, TX",SAN,"San Diego, CA",IAH-SAN,29.9844,-95.3414,32.7336,-117.19
UA,IAH,"Houston, TX",SAT,"San Antonio, TX",IAH-SAT,29.9844,-95.3414,29.5337,-98.4698
UA,IAH,"Houston, TX",SEA,"Seattle, WA",IAH-SEA,29.9844,-95.3414,47.449,-122.309
UA,IAH,"Houston, TX",SFO,"San Francisco, CA",IAH-SFO,29.9844,-95.3414,37.619,-122.375
UA,IAH,"Houston, TX",SJC,"San Jose, CA",IAH-SJC,29.9844,-95.3414,37.3626,-121.929
UA,IAH,"Houston, TX",SJU,"San Juan, PR",IAH-SJU,29.9844,-95.3414,18.4394,-66.0018
UA,IAH,"Houston, TX",SLC,"Salt Lake City, UT",IAH-SLC,29.9844,-95.3414,40.7884,-111.978
UA,IAH,"Houston, TX",SMF,"Sacramento, CA",IAH-SMF,29.9844,-95.3414,38.6954,-121.59100000000001
UA,IAH,"Houston, TX",SNA,"Santa Ana, CA",IAH-SNA,29.9844,-95.3414,33.6757,-117.868
UA,IAH,"Houston, TX",TPA,"Tampa, FL",IAH-TPA,29.9844,-95.3414,27.9755,-82.5332
UA,IAH,"Houston, TX",TUS,"Tucson, AZ",IAH-TUS,29.9844,-95.3414,32.1161,-110.941
UA,ICT,"Wichita, KS",DEN,"Denver, CO",ICT-DEN,37.6499,-97.4331,39.8617,-104.67299999999999
UA,ICT,"Wichita, KS",ORD,"Chicago, IL",ICT-ORD,37.6499,-97.4331,41.9786,-87.9047
UA,IND,"Indianapolis, IN",DEN,"Denver, CO",IND-DEN,39.7173,-86.2944,39.8617,-104.67299999999999
UA,IND,"Indianapolis, IN",IAH,"Houston, TX",IND-IAH,39.7173,-86.2944,29.9844,-95.3414
UA,IND,"Indianapolis, IN",ORD,"Chicago, IL",IND-ORD,39.7173,-86.2944,41.9786,-87.9047
UA,IND,"Indianapolis, IN",SFO,"San Francisco, CA",IND-SFO,39.7173,-86.2944,37.619,-122.375
UA,ITO,"Hilo, HI",LAX,"Los Angeles, CA",ITO-LAX,19.7214,-155.048,33.9425,-118.40799999999999
UA,JAC,"Jackson, WY",DEN,"Denver, CO",JAC-DEN,43.6073,-110.738,39.8617,-104.67299999999999
UA,JAC,"Jackson, WY",EWR,"Newark, NJ",JAC-EWR,43.6073,-110.738,40.6925,-74.1686
UA,JAC,"Jackson, WY",IAH,"Houston, TX",JAC-IAH,43.6073,-110.738,29.9844,-95.3414
UA,JAC,"Jackson, WY",ORD,"Chicago, IL",JAC-ORD,43.6073,-110.738,41.9786,-87.9047
UA,JAX,"Jacksonville, FL",EWR,"Newark, NJ",JAX-EWR,30.4941,-81.6879,40.6925,-74.1686
UA,JAX,"Jacksonville, FL",IAH,"Houston, TX",JAX-IAH,30.4941,-81.6879,29.9844,-95.3414
UA,JAX,"Jacksonville, FL",ORD,"Chicago, IL",JAX-ORD,30.4941,-81.6879,41.9786,-87.9047
UA,KOA,"Kona, HI",DEN,"Denver, CO",KOA-DEN,19.7388,-156.046,39.8617,-104.67299999999999
UA,KOA,"Kona, HI",LAX,"Los Angeles, CA",KOA-LAX,19.7388,-156.046,33.9425,-118.40799999999999
UA,KOA,"Kona, HI",SFO,"San Francisco, CA",KOA-SFO,19.7388,-156.046,37.619,-122.375
UA,LAS,"Las Vegas, NV",DEN,"Denver, CO",LAS-DEN,36.0801,-115.152,39.8617,-104.67299999999999
UA,LAS,"Las Vegas, NV",EWR,"Newark, NJ",LAS-EWR,36.0801,-115.152,40.6925,-74.1686
UA,LAS,"Las Vegas, NV",IAD,"Washington, DC",LAS-IAD,36.0801,-115.152,38.9445,-77.4558
UA,LAS,"Las Vegas, NV",IAH,"Houston, TX",LAS-IAH,36.0801,-115.152,29.9844,-95.3414
UA,LAS,"Las Vegas, NV",LAX,"Los Angeles, CA",LAS-LAX,36.0801,-115.152,33.9425,-118.40799999999999
UA,LAS,"Las Vegas, NV",ORD,"Chicago, IL",LAS-ORD,36.0801,-115.152,41.9786,-87.9047
UA,LAS,"Las Vegas, NV",SFO,"San Francisco, CA",LAS-SFO,36.0801,-115.152,37.619,-122.375
UA,LAX,"Los Angeles, CA",AUS,"Austin, TX",LAX-AUS,33.9425,-118.40799999999999,30.1945,-97.6699
UA,LAX,"Los Angeles, CA",BOS,"Boston, MA",LAX-BOS,33.9425,-118.40799999999999,42.3643,-71.0052
UA,LAX,"Los Angeles, CA",BWI,"Baltimore, MD",LAX-BWI,33.9425,-118.40799999999999,39.1753,-76.6683
UA,LAX,"Los Angeles, CA",CLE,"Cleveland, OH",LAX-CLE,33.9425,-118.40799999999999,41.4117,-81.8498
UA,LAX,"Los Angeles, CA",DEN,"Denver, CO",LAX-DEN,33.9425,-118.40799999999999,39.8617,-104.67299999999999
UA,LAX,"Los Angeles, CA",DFW,"Dallas/Fort Worth, TX",LAX-DFW,33.9425,-118.40799999999999,32.8968,-97.038
UA,LAX,"Los Angeles, CA",EWR,"Newark, NJ",LAX-EWR,33.9425,-118.40799999999999,40.6925,-74.1686
UA,LAX,"Los Angeles, CA",HNL,"Honolulu, HI",LAX-HNL,33.9425,-118.40799999999999,21.3206,-157.924
UA,LAX,"Los Angeles, CA",IAD,"Washington, DC",LAX-IAD,33.9425,-118.40799999999999,38.9445,-77.4558
UA,LAX,"Los Angeles, CA",IAH,"Houston, TX",LAX-IAH,33.9425,-118.40799999999999,29.9844,-95.3414
UA,LAX,"Los Angeles, CA",ITO,"Hilo, HI",LAX-ITO,33.9425,-118.40799999999999,19.7214,-155.048
UA,LAX,"Los Angeles, CA",KOA,"Kona, HI",LAX-KOA,33.9425,-118.40799999999999,19.7388,-156.046
UA,LAX,"Los Angeles, CA",LAS,"Las Vegas, NV",LAX-LAS,33.9425,-118.40799999999999,36.0801,-115.152
UA,LAX,"Los Angeles, CA",LIH,"Lihue, HI",LAX-LIH,33.9425,-118.40799999999999,21.976,-159.339
UA,LAX,"Los Angeles, CA",MCO,"Orlando, FL",LAX-MCO,33.9425,-118.40799999999999,28.4294,-81.309
UA,LAX,"Los Angeles, CA",OGG,"Kahului, HI",LAX-OGG,33.9425,-118.40799999999999,20.8986,-156.43
UA,LAX,"Los Angeles, CA",ORD,"Chicago, IL",LAX-ORD,33.9425,-118.40799999999999,41.9786,-87.9047
UA,LAX,"Los Angeles, CA",PHX,"Phoenix, AZ",LAX-PHX,33.9425,-118.40799999999999,33.4343,-112.012
UA,LAX,"Los Angeles, CA",SAN,"San Diego, CA",LAX-SAN,33.9425,-118.40799999999999,32.7336,-117.19
UA,LAX,"Los Angeles, CA",SAT,"San Antonio, TX",LAX-SAT,33.9425,-118.40799999999999,29.5337,-98.4698
UA,LAX,"Los Angeles, CA",SFO,"San Francisco, CA",LAX-SFO,33.9425,-118.40799999999999,37.619,-122.375
UA,LGA,"New York, NY",DEN,"Denver, CO",LGA-DEN,40.775,-73.875,39.8617,-104.67299999999999
UA,LGA,"New York, NY",IAH,"Houston, TX",LGA-IAH,40.775,-73.875,29.9844,-95.3414
UA,LGA,"New York, NY",MTJ,"Montrose/Delta, CO",LGA-MTJ,40.775,-73.875,38.5098,-107.89399999999999
UA,LGA,"New York, NY",ORD,"Chicago, IL",LGA-ORD,40.775,-73.875,41.9786,-87.9047
UA,LIH,"Lihue, HI",DEN,"Denver, CO",LIH-DEN,21.976,-159.339,39.8617,-104.67299999999999
UA,LIH,"Lihue, HI",LAX,"Los Angeles, CA",LIH-LAX,21.976,-159.339,33.9425,-118.40799999999999
UA,LIH,"Lihue, HI",SFO,"San Francisco, CA",LIH-SFO,21.976,-159.339,37.619,-122.375
UA,MCI,"Kansas City, MO",DEN,"Denver, CO",MCI-DEN,39.2976,-94.7139,39.8617,-104.67299999999999
UA,MCI,"Kansas City, MO",EWR,"Newark, NJ",MCI-EWR,39.2976,-94.7139,40.6925,-74.1686
UA,MCI,"Kansas City, MO",IAH,"Houston, TX",MCI-IAH,39.2976,-94.7139,29.9844,-95.3414
UA,MCI,"Kansas City, MO",ORD,"Chicago, IL",MCI-ORD,39.2976,-94.7139,41.9786,-87.9047
UA,MCO,"Orlando, FL",CLE,"Cleveland, OH",MCO-CLE,28.4294,-81.309,41.4117,-81.8498
UA,MCO,"Orlando, FL",DEN,"Denver, CO",MCO-DEN,28.4294,-81.309,39.8617,-104.67299999999999
UA,MCO,"Orlando, FL",EWR,"Newark, NJ",MCO-EWR,28.4294,-81.309,40.6925,-74.1686
UA,MCO,"Orlando, FL",IAD,"Washington, DC",MCO-IAD,28.4294,-81.309,38.9445,-77.4558
UA,MCO,"Orlando, FL",IAH,"Houston, TX",MCO-IAH,28.4294,-81.309,29.9844,-95.3414
UA,MCO,"Orlando, FL",LAX,"Los Angeles, CA",MCO-LAX,28.4294,-81.309,33.9425,-118.40799999999999
UA,MCO,"Orlando, FL",ORD,"Chicago, IL",MCO-ORD,28.4294,-81.309,41.9786,-87.9047
UA,MCO,"Orlando, FL",SFO,"San Francisco, CA",MCO-SFO,28.4294,-81.309,37.619,-122.375
UA,MEM,"Memphis, TN",DEN,"Denver, CO",MEM-DEN,35.0424,-89.9767,39.8617,-104.67299999999999
UA,MEM,"Memphis, TN",IAH,"Houston, TX",MEM-IAH,35.0424,-89.9767,29.9844,-95.3414
UA,MFE,"Mission/McAllen/Edinburg, TX",IAH,"Houston, TX",MFE-IAH,26.1758,-98.2386,29.9844,-95.3414
UA,MFR,"Medford, OR",SFO,"San Francisco, CA",MFR-SFO,42.3742,-122.87299999999999,37.619,-122.375
UA,MIA,"Miami, FL",DEN,"Denver, CO",MIA-DEN,25.7932,-80.2906,39.8617,-104.67299999999999
UA,MIA,"Miami, FL",EWR,"Newark, NJ",MIA-EWR,25.7932,-80.2906,40.6925,-74.1686
UA,MIA,"Miami, FL",IAH,"Houston, TX",MIA-IAH,25.7932,-80.2906,29.9844,-95.3414
UA,MIA,"Miami, FL",ORD,"Chicago, IL",MIA-ORD,25.7932,-80.2906,41.9786,-87.9047
UA,MIA,"Miami, FL",SFO,"San Francisco, CA",MIA-SFO,25.7932,-80.2906,37.619,-122.375
UA,MKE,"Milwaukee, WI",DEN,"Denver, CO",MKE-DEN,42.9472,-87.8966,39.8617,-104.67299999999999
UA,MSN,"Madison, WI",DEN,"Denver, CO",MSN-DEN,43.1399,-89.3375,39.8617,-104.67299999999999
UA,MSN,"Madison, WI",ORD,"Chicago, IL",MSN-ORD,43.1399,-89.3375,41.9786,-87.9047
UA,MSP,"Minneapolis, MN",DEN,"Denver, CO",MSP-DEN,44.882,-93.2218,39.8617,-104.67299999999999
UA,MSP,"Minneapolis, MN",IAH,"Houston, TX",MSP-IAH,44.882,-93.2218,29.9844,-95.3414
UA,MSP,"Minneapolis, MN",ORD,"Chicago, IL",MSP-ORD,44.882,-93.2218,41.9786,-87.9047
UA,MSP,"Minneapolis, MN",SFO,"San Francisco, CA",MSP-SFO,44.882,-93.2218,37.619,-122.375
UA,MSY,"New Orleans, LA",DEN,"Denver, CO",MSY-DEN,29.9934,-90.258,39.8617,-104.67299999999999
UA,MSY,"New Orleans, LA",EWR,"Newark, NJ",MSY-EWR,29.9934,-90.258,40.6925,-74.1686
UA,MSY,"New Orleans, LA",IAD,"Washington, DC",MSY-IAD,29.9934,-90.258,38.9445,-77.4558
UA,MSY,"New Orleans, LA",IAH,"Houston, TX",MSY-IAH,29.9934,-90.258,29.9844,-95.3414
UA,MSY,"New Orleans, LA",ORD,"Chicago, IL",MSY-ORD,29.9934,-90.258,41.9786,-87.9047
UA,MSY,"New Orleans, LA",SFO,"San Francisco, CA",MSY-SFO,29.9934,-90.258,37.619,-122.375
UA,MTJ,"Montrose/Delta, CO",EWR,"Newark, NJ",MTJ-EWR,38.5098,-107.89399999999999,40.6925,-74.1686
UA,MTJ,"Montrose/Delta, CO",IAH,"Houston, TX",MTJ-IAH,38.5098,-107.89399999999999,29.9844,-95.3414
UA,MTJ,"Montrose/Delta, CO",LGA,"New York, NY",MTJ-LGA,38.5098,-107.89399999999999,40.775,-73.875
UA,MYR,"Myrtle Beach, SC",EWR,"Newark, NJ",MYR-EWR,33.6797,-78.9283,40.6925,-74.1686
UA,OGG,"Kahului, HI",DEN,"Denver, CO",OGG-DEN,20.8986,-156.43,39.8617,-104.67299999999999
UA,OGG,"Kahului, HI",LAX,"Los Angeles, CA",OGG-LAX,20.8986,-156.43,33.9425,-118.40799999999999
UA,OGG,"Kahului, HI",ORD,"Chicago, IL",OGG-ORD,20.8986,-156.43,41.9786,-87.9047
UA,OGG,"Kahului, HI",SFO,"San Francisco, CA",OGG-SFO,20.8986,-156.43,37.619,-122.375
UA,OKC,"Oklahoma City, OK",DEN,"Denver, CO",OKC-DEN,35.3931,-97.6007,39.8617,-104.67299999999999
UA,OMA,"Omaha, NE",DEN,"Denver, CO",OMA-DEN,41.3032,-95.8941,39.8617,-104.67299999999999
UA,OMA,"Omaha, NE",ORD,"Chicago, IL",OMA-ORD,41.3032,-95.8941,41.9786,-87.9047
UA,ONT,"Ontario, CA",DEN,"Denver, CO",ONT-DEN,34.056,-117.601,39.8617,-104.67299999999999
UA,ONT,"Ontario, CA",SFO,"San Francisco, CA",ONT-SFO,34.056,-117.601,37.619,-122.375
UA,ORD,"Chicago, IL",ALB,"Albany, NY",ORD-ALB,41.9786,-87.9047,42.7483,-73.8017
UA,ORD,"Chicago, IL",ANC,"Anchorage, AK",ORD-ANC,41.9786,-87.9047,61.1744,-149.996
UA,ORD,"Chicago, IL",ATL,"Atlanta, GA",ORD-ATL,41.9786,-87.9047,33.6367,-84.4281
UA,ORD,"Chicago, IL",AUS,"Austin, TX",ORD-AUS,41.9786,-87.9047,30.1945,-97.6699
UA,ORD,"Chicago, IL",BDL,"Hartford, CT",ORD-BDL,41.9786,-87.9047,41.9392,-72.6833
UA,ORD,"Chicago, IL",BNA,"Nashville, TN",ORD-BNA,41.9786,-87.9047,36.1245,-86.6782
UA,ORD,"Chicago, IL",BOS,"Boston, MA",ORD-BOS,41.9786,-87.9047,42.3643,-71.0052
UA,ORD,"Chicago, IL",BTV,"Burlington, VT",ORD-BTV,41.9786,-87.9047,44.4719,-73.1533
UA,ORD,"Chicago, IL",BUF,"Buffalo, NY",ORD-BUF,41.9786,-87.9047,42.9405,-78.7322
UA,ORD,"Chicago, IL",BWI,"Baltimore, MD",ORD-BWI,41.9786,-87.9047,39.1753,-76.6683
UA,ORD,"Chicago, IL",BZN,"Bozeman, MT",ORD-BZN,41.9786,-87.9047,45.7775,-111.15299999999999
UA,ORD,"Chicago, IL",CID,"Cedar Rapids/Iowa City, IA",ORD-CID,41.9786,-87.9047,41.8847,-91.7108
UA,ORD,"Chicago, IL",CLE,"Cleveland, OH",ORD-CLE,41.9786,-87.9047,41.4117,-81.8498
UA,ORD,"Chicago, IL",CLT,"Charlotte, NC",ORD-CLT,41.9786,-87.9047,35.214,-80.9431
UA,ORD,"Chicago, IL",CVG,"Cincinnati, OH",ORD-CVG,41.9786,-87.9047,39.0488,-84.6678
UA,ORD,"Chicago, IL",DCA,"Washington, DC",ORD-DCA,41.9786,-87.9047,38.8522,-77.0378
UA,ORD,"Chicago, IL",DEN,"Denver, CO",ORD-DEN,41.9786,-87.9047,39.8617,-104.67299999999999
UA,ORD,"Chicago, IL",DFW,"Dallas/Fort Worth, TX",ORD-DFW,41.9786,-87.9047,32.8968,-97.038
UA,ORD,"Chicago, IL",DSM,"Des Moines, IA",ORD-DSM,41.9786,-87.9047,41.534,-93.6631
UA,ORD,"Chicago, IL",DTW,"Detroit, MI",ORD-DTW,41.9786,-87.9047,42.2125,-83.3533
UA,ORD,"Chicago, IL",EGE,"Eagle, CO",ORD-EGE,41.9786,-87.9047,39.6426,-106.91799999999999
UA,ORD,"Chicago, IL",EWR,"Newark, NJ",ORD-EWR,41.9786,-87.9047,40.6925,-74.1686
UA,ORD,"Chicago, IL",FLL,"Fort Lauderdale, FL",ORD-FLL,41.9786,-87.9047,26.0726,-80.1527
UA,ORD,"Chicago, IL",GRR,"Grand Rapids, MI",ORD-GRR,41.9786,-87.9047,42.8808,-85.5228
UA,ORD,"Chicago, IL",HNL,"Honolulu, HI",ORD-HNL,41.9786,-87.9047,21.3206,-157.924
UA,ORD,"Chicago, IL",IAD,"Washington, DC",ORD-IAD,41.9786,-87.9047,38.9445,-77.4558
UA,ORD,"Chicago, IL",IAH,"Houston, TX",ORD-IAH,41.9786,-87.9047,29.9844,-95.3414
UA,ORD,"Chicago, IL",ICT,"Wichita, KS",ORD-ICT,41.9786,-87.9047,37.6499,-97.4331
UA,ORD,"Chicago, IL",IND,"Indianapolis, IN",ORD-IND,41.9786,-87.9047,39.7173,-86.2944
UA,ORD,"Chicago, IL",JAC,"Jackson, WY",ORD-JAC,41.9786,-87.9047,43.6073,-110.738
UA,ORD,"Chicago, IL",JAX,"Jacksonville, FL",ORD-JAX,41.9786,-87.9047,30.4941,-81.6879
UA,ORD,"Chicago, IL",LAS,"Las Vegas, NV",ORD-LAS,41.9786,-87.9047,36.0801,-115.152
UA,ORD,"Chicago, IL",LAX,"Los Angeles, CA",ORD-LAX,41.9786,-87.9047,33.9425,-118.40799999999999
UA,ORD,"Chicago, IL",LGA,"New York, NY",ORD-LGA,41.9786,-87.9047,40.775,-73.875
UA,ORD,"Chicago, IL",MCI,"Kansas City, MO",ORD-MCI,41.9786,-87.9047,39.2976,-94.7139
UA,ORD,"Chicago, IL",MCO,"Orlando, FL",ORD-MCO,41.9786,-87.9047,28.4294,-81.309
UA,ORD,"Chicago, IL",MIA,"Miami, FL",ORD-MIA,41.9786,-87.9047,25.7932,-80.2906
UA,ORD,"Chicago, IL",MSN,"Madison, WI",ORD-MSN,41.9786,-87.9047,43.1399,-89.3375
UA,ORD,"Chicago, IL",MSP,"Minneapolis, MN",ORD-MSP,41.9786,-87.9047,44.882,-93.2218
UA,ORD,"Chicago, IL",MSY,"New Orleans, LA",ORD-MSY,41.9786,-87.9047,29.9934,-90.258
UA,ORD,"Chicago, IL",OGG,"Kahului, HI",ORD-OGG,41.9786,-87.9047,20.8986,-156.43
UA,ORD,"Chicago, IL",OMA,"Omaha, NE",ORD-OMA,41.9786,-87.9047,41.3032,-95.8941
UA,ORD,"Chicago, IL",ORF,"Norfolk, VA",ORD-ORF,41.9786,-87.9047,36.8946,-76.2012
UA,ORD,"Chicago, IL",PDX,"Portland, OR",ORD-PDX,41.9786,-87.9047,45.5887,-122.598
UA,ORD,"Chicago, IL",PHL,"Philadelphia, PA",ORD-PHL,41.9786,-87.9047,39.8719,-75.2411
UA,ORD,"Chicago, IL",PHX,"Phoenix, AZ",ORD-PHX,41.9786,-87.9047,33.4343,-112.012
UA,ORD,"Chicago, IL",PIT,"Pittsburgh, PA",ORD-PIT,41.9786,-87.9047,40.4915,-80.2329
UA,ORD,"Chicago, IL",RDU,"Raleigh/Durham, NC",ORD-RDU,41.9786,-87.9047,35.8776,-78.7875
UA,ORD,"Chicago, IL",RIC,"Richmond, VA",ORD-RIC,41.9786,-87.9047,37.5052,-77.3197
UA,ORD,"Chicago, IL",RSW,"Fort Myers, FL",ORD-RSW,41.9786,-87.9047,26.5362,-81.7552
UA,ORD,"Chicago, IL",SAN,"San Diego, CA",ORD-SAN,41.9786,-87.9047,32.7336,-117.19
UA,ORD,"Chicago, IL",SAT,"San Antonio, TX",ORD-SAT,41.9786,-87.9047,29.5337,-98.4698
UA,ORD,"Chicago, IL",SEA,"Seattle, WA",ORD-SEA,41.9786,-87.9047,47.449,-122.309
UA,ORD,"Chicago, IL",SFO,"San Francisco, CA",ORD-SFO,41.9786,-87.9047,37.619,-122.375
UA,ORD,"Chicago, IL",SJC,"San Jose, CA",ORD-SJC,41.9786,-87.9047,37.3626,-121.929
UA,ORD,"Chicago, IL",SJU,"San Juan, PR",ORD-SJU,41.9786,-87.9047,18.4394,-66.0018
UA,ORD,"Chicago, IL",SLC,"Salt Lake City, UT",ORD-SLC,41.9786,-87.9047,40.7884,-111.978
UA,ORD,"Chicago, IL",SMF,"Sacramento, CA",ORD-SMF,41.9786,-87.9047,38.6954,-121.59100000000001
UA,ORD,"Chicago, IL",SNA,"Santa Ana, CA",ORD-SNA,41.9786,-87.9047,33.6757,-117.868
UA,ORD,"Chicago, IL",SRQ,"Sarasota/Bradenton, FL",ORD-SRQ,41.9786,-87.9047,27.3954,-82.5544
UA,ORD,"Chicago, IL",TPA,"Tampa, FL",ORD-TPA,41.9786,-87.9047,27.9755,-82.5332
UA,ORF,"Norfolk, VA",IAD,"Washington, DC",ORF-IAD,36.8946,-76.2012,38.9445,-77.4558
UA,ORF,"Norfolk, VA",IAH,"Houston, TX",ORF-IAH,36.8946,-76.2012,29.9844,-95.3414
UA,ORF,"Norfolk, VA",ORD,"Chicago, IL",ORF-ORD,36.8946,-76.2012,41.9786,-87.9047
UA,PBI,"West Palm Beach/Palm Beach, FL",EWR,"Newark, NJ",PBI-EWR,26.6832,-80.0956,40.6925,-74.1686
UA,PBI,"West Palm Beach/Palm Beach, FL",IAH,"Houston, TX",PBI-IAH,26.6832,-80.0956,29.9844,-95.3414
UA,PDX,"Portland, OR",DEN,"Denver, CO",PDX-DEN,45.5887,-122.598,39.8617,-104.67299999999999
UA,PDX,"Portland, OR",EWR,"Newark, NJ",PDX-EWR,45.5887,-122.598,40.6925,-74.1686
UA,PDX,"Portland, OR",IAD,"Washington, DC",PDX-IAD,45.5887,-122.598,38.9445,-77.4558
UA,PDX,"Portland, OR",IAH,"Houston, TX",PDX-IAH,45.5887,-122.598,29.9844,-95.3414
UA,PDX,"Portland, OR",ORD,"Chicago, IL",PDX-ORD,45.5887,-122.598,41.9786,-87.9047
UA,PDX,"Portland, OR",SFO,"San Francisco, CA",PDX-SFO,45.5887,-122.598,37.619,-122.375
UA,PHL,"Philadelphia, PA",DEN,"Denver, CO",PHL-DEN,39.8719,-75.2411,39.8617,-104.67299999999999
UA,PHL,"Philadelphia, PA",IAH,"Houston, TX",PHL-IAH,39.8719,-75.2411,29.9844,-95.3414
UA,PHL,"Philadelphia, PA",ORD,"Chicago, IL",PHL-ORD,39.8719,-75.2411,41.9786,-87.9047
UA,PHL,"Philadelphia, PA",SFO,"San Francisco, CA",PHL-SFO,39.8719,-75.2411,37.619,-122.375
UA,PHX,"Phoenix, AZ",DEN,"Denver, CO",PHX-DEN,33.4343,-112.012,39.8617,-104.67299999999999
UA,PHX,"Phoenix, AZ",EWR,"Newark, NJ",PHX-EWR,33.4343,-112.012,40.6925,-74.1686
UA,PHX,"Phoenix, AZ",IAD,"Washington, DC",PHX-IAD,33.4343,-112.012,38.9445,-77.4558
UA,PHX,"Phoenix, AZ",IAH,"Houston, TX",PHX-IAH,33.4343,-112.012,29.9844,-95.3414
UA,PHX,"Phoenix, AZ",LAX,"Los Angeles, CA",PHX-LAX,33.4343,-112.012,33.9425,-118.40799999999999
UA,PHX,"Phoenix, AZ",ORD,"Chicago, IL",PHX-ORD,33.4343,-112.012,41.9786,-87.9047
UA,PHX,"Phoenix, AZ",SFO,"San Francisco, CA",PHX-SFO,33.4343,-112.012,37.619,-122.375
UA,PIT,"Pittsburgh, PA",DEN,"Denver, CO",PIT-DEN,40.4915,-80.2329,39.8617,-104.67299999999999
UA,PIT,"Pittsburgh, PA",EWR,"Newark, NJ",PIT-EWR,40.4915,-80.2329,40.6925,-74.1686
UA,PIT,"Pittsburgh, PA",ORD,"Chicago, IL",PIT-ORD,40.4915,-80.2329,41.9786,-87.9047
UA,PIT,"Pittsburgh, PA",SFO,"San Francisco, CA",PIT-SFO,40.4915,-80.2329,37.619,-122.375
UA,PSP,"Palm Springs, CA",DEN,"Denver, CO",PSP-DEN,33.8297,-116.507,39.8617,-104.67299999999999
UA,PSP,"Palm Springs, CA",SFO,"San Francisco, CA",PSP-SFO,33.8297,-116.507,37.619,-122.375
UA,PWM,"Portland, ME",EWR,"Newark, NJ",PWM-EWR,43.6462,-70.3093,40.6925,-74.1686
UA,RDU,"Raleigh/Durham, NC",DEN,"Denver, CO",RDU-DEN,35.8776,-78.7875,39.8617,-104.67299999999999
UA,RDU,"Raleigh/Durham, NC",EWR,"Newark, NJ",RDU-EWR,35.8776,-78.7875,40.6925,-74.1686
UA,RDU,"Raleigh/Durham, NC",IAD,"Washington, DC",RDU-IAD,35.8776,-78.7875,38.9445,-77.4558
UA,RDU,"Raleigh/Durham, NC",IAH,"Houston, TX",RDU-IAH,35.8776,-78.7875,29.9844,-95.3414
UA,RDU,"Raleigh/Durham, NC",ORD,"Chicago, IL",RDU-ORD,35.8776,-78.7875,41.9786,-87.9047
UA,RDU,"Raleigh/Durham, NC",SFO,"San Francisco, CA",RDU-SFO,35.8776,-78.7875,37.619,-122.375
UA,RIC,"Richmond, VA",DEN,"Denver, CO",RIC-DEN,37.5052,-77.3197,39.8617,-104.67299999999999
UA,RIC,"Richmond, VA",ORD,"Chicago, IL",RIC-ORD,37.5052,-77.3197,41.9786,-87.9047
UA,RNO,"Reno, NV",DEN,"Denver, CO",RNO-DEN,39.4991,-119.76799999999999,39.8617,-104.67299999999999
UA,RNO,"Reno, NV",SFO,"San Francisco, CA",RNO-SFO,39.4991,-119.76799999999999,37.619,-122.375
UA,ROC,"Rochester, NY",EWR,"Newark, NJ",ROC-EWR,43.1189,-77.6724,40.6925,-74.1686
UA,RSW,"Fort Myers, FL",CLE,"Cleveland, OH",RSW-CLE,26.5362,-81.7552,41.4117,-81.8498
UA,RSW,"Fort Myers, FL",DEN,"Denver, CO",RSW-DEN,26.5362,-81.7552,39.8617,-104.67299999999999
UA,RSW,"Fort Myers, FL",EWR,"Newark, NJ",RSW-EWR,26.5362,-81.7552,40.6925,-74.1686
UA,RSW,"Fort Myers, FL",IAH,"Houston, TX",RSW-IAH,26.5362,-81.7552,29.9844,-95.3414
UA,RSW,"Fort Myers, FL",ORD,"Chicago, IL",RSW-ORD,26.5362,-81.7552,41.9786,-87.9047
UA,SAN,"San Diego, CA",DEN,"Denver, CO",SAN-DEN,32.7336,-117.19,39.8617,-104.67299999999999
UA,SAN,"San Diego, CA",EWR,"Newark, NJ",SAN-EWR,32.7336,-117.19,40.6925,-74.1686
UA,SAN,"San Diego, CA",IAD,"Washington, DC",SAN-IAD,32.7336,-117.19,38.9445,-77.4558
UA,SAN,"San Diego, CA",IAH,"Houston, TX",SAN-IAH,32.7336,-117.19,29.9844,-95.3414
UA,SAN,"San Diego, CA",LAX,"Los Angeles, CA",SAN-LAX,32.7336,-117.19,33.9425,-118.40799999999999
UA,SAN,"San Diego, CA",ORD,"Chicago, IL",SAN-ORD,32.7336,-117.19,41.9786,-87.9047
UA,SAN,"San Diego, CA",SFO,"San Francisco, CA",SAN-SFO,32.7336,-117.19,37.619,-122.375
UA,SAT,"San Antonio, TX",DEN,"Denver, CO",SAT-DEN,29.5337,-98.4698,39.8617,-104.67299999999999
UA,SAT,"San Antonio, TX",EWR,"Newark, NJ",SAT-EWR,29.5337,-98.4698,40.6925,-74.1686
UA,SAT,"San Antonio, TX",IAD,"Washington, DC",SAT-IAD,29.5337,-98.4698,38.9445,-77.4558
UA,SAT,"San Antonio, TX",IAH,"Houston, TX",SAT-IAH,29.5337,-98.4698,29.9844,-95.3414
UA,SAT,"San Antonio, TX",LAX,"Los Angeles, CA",SAT-LAX,29.5337,-98.4698,33.9425,-118.40799999999999
UA,SAT,"San Antonio, TX",ORD,"Chicago, IL",SAT-ORD,29.5337,-98.4698,41.9786,-87.9047
UA,SAT,"San Antonio, TX",SFO,"San Francisco, CA",SAT-SFO,29.5337,-98.4698,37.619,-122.375
UA,SAV,"Savannah, GA",EWR,"Newark, NJ",SAV-EWR,32.1276,-81.2021,40.6925,-74.1686
UA,SBA,"Santa Barbara, CA",SFO,"San Francisco, CA",SBA-SFO,34.4262,-119.84,37.619,-122.375
UA,SEA,"Seattle, WA",DEN,"Denver, CO",SEA-DEN,47.449,-122.309,39.8617,-104.67299999999999
UA,SEA,"Seattle, WA",EWR,"Newark, NJ",SEA-EWR,47.449,-122.309,40.6925,-74.1686
UA,SEA,"Seattle, WA",IAD,"Washington, DC",SEA-IAD,47.449,-122.309,38.9445,-77.4558
UA,SEA,"Seattle, WA",IAH,"Houston, TX",SEA-IAH,47.449,-122.309,29.9844,-95.3414
UA,SEA,"Seattle, WA",ORD,"Chicago, IL",SEA-ORD,47.449,-122.309,41.9786,-87.9047
UA,SEA,"Seattle, WA",SFO,"San Francisco, CA",SEA-SFO,47.449,-122.309,37.619,-122.375
UA,SFO,"San Francisco, CA",ANC,"Anchorage, AK",SFO-ANC,37.619,-122.375,61.1744,-149.996
UA,SFO,"San Francisco, CA",ATL,"Atlanta, GA",SFO-ATL,37.619,-122.375,33.6367,-84.4281
UA,SFO,"San Francisco, CA",AUS,"Austin, TX",SFO-AUS,37.619,-122.375,30.1945,-97.6699
UA,SFO,"San Francisco, CA",BNA,"Nashville, TN",SFO-BNA,37.619,-122.375,36.1245,-86.6782
UA,SFO,"San Francisco, CA",BOS,"Boston, MA",SFO-BOS,37.619,-122.375,42.3643,-71.0052
UA,SFO,"San Francisco, CA",BUR,"Burbank, CA",SFO-BUR,37.619,-122.375,34.2007,-118.359
UA,SFO,"San Francisco, CA",BWI,"Baltimore, MD",SFO-BWI,37.619,-122.375,39.1753,-76.6683
UA,SFO,"San Francisco, CA",CLE,"Cleveland, OH",SFO-CLE,37.619,-122.375,41.4117,-81.8498
UA,SFO,"San Francisco, CA",CVG,"Cincinnati, OH",SFO-CVG,37.619,-122.375,39.0488,-84.6678
UA,SFO,"San Francisco, CA",DCA,"Washington, DC",SFO-DCA,37.619,-122.375,38.8522,-77.0378
UA,SFO,"San Francisco, CA",DEN,"Denver, CO",SFO-DEN,37.619,-122.375,39.8617,-104.67299999999999
UA,SFO,"San Francisco, CA",DFW,"Dallas/Fort Worth, TX",SFO-DFW,37.619,-122.375,32.8968,-97.038
UA,SFO,"San Francisco, CA",DTW,"Detroit, MI",SFO-DTW,37.619,-122.375,42.2125,-83.3533
UA,SFO,"San Francisco, CA",EUG,"Eugene, OR",SFO-EUG,37.619,-122.375,44.1246,-123.212
UA,SFO,"San Francisco, CA",EWR,"Newark, NJ",SFO-EWR,37.619,-122.375,40.6925,-74.1686
UA,SFO,"San Francisco, CA",FAT,"Fresno, CA",SFO-FAT,37.619,-122.375,36.7762,-119.71799999999999
UA,SFO,"San Francisco, CA",FLL,"Fort Lauderdale, FL",SFO-FLL,37.619,-122.375,26.0726,-80.1527
UA,SFO,"San Francisco, CA",HNL,"Honolulu, HI",SFO-HNL,37.619,-122.375,21.3206,-157.924
UA,SFO,"San Francisco, CA",IAD,"Washington, DC",SFO-IAD,37.619,-122.375,38.9445,-77.4558
UA,SFO,"San Francisco, CA",IAH,"Houston, TX",SFO-IAH,37.619,-122.375,29.9844,-95.3414
UA,SFO,"San Francisco, CA",IND,"Indianapolis, IN",SFO-IND,37.619,-122.375,39.7173,-86.2944
UA,SFO,"San Francisco, CA",KOA,"Kona, HI",SFO-KOA,37.619,-122.375,19.7388,-156.046
UA,SFO,"San Francisco, CA",LAS,"Las Vegas, NV",SFO-LAS,37.619,-122.375,36.0801,-115.152
UA,SFO,"San Francisco, CA",LAX,"Los Angeles, CA",SFO-LAX,37.619,-122.375,33.9425,-118.40799999999999
UA,SFO,"San Francisco, CA",LIH,"Lihue, HI",SFO-LIH,37.619,-122.375,21.976,-159.339
UA,SFO,"San Francisco, CA",MCO,"Orlando, FL",SFO-MCO,37.619,-122.375,28.4294,-81.309
UA,SFO,"San Francisco, CA",MFR,"Medford, OR",SFO-MFR,37.619,-122.375,42.3742,-122.87299999999999
UA,SFO,"San Francisco, CA",MIA,"Miami, FL",SFO-MIA,37.619,-122.375,25.7932,-80.2906
UA,SFO,"San Francisco, CA",MSP,"Minneapolis, MN",SFO-MSP,37.619,-122.375,44.882,-93.2218
UA,SFO,"San Francisco, CA",MSY,"New Orleans, LA",SFO-MSY,37.619,-122.375,29.9934,-90.258
UA,SFO,"San Francisco, CA",OGG,"Kahului, HI",SFO-OGG,37.619,-122.375,20.8986,-156.43
UA,SFO,"San Francisco, CA",ONT,"Ontario, CA",SFO-ONT,37.619,-122.375,34.056,-117.601
UA,SFO,"San Francisco, CA",ORD,"Chicago, IL",SFO-ORD,37.619,-122.375,41.9786,-87.9047
UA,SFO,"San Francisco, CA",PDX,"Portland, OR",SFO-PDX,37.619,-122.375,45.5887,-122.598
UA,SFO,"San Francisco, CA",PHL,"Philadelphia, PA",SFO-PHL,37.619,-122.375,39.8719,-75.2411
UA,SFO,"San Francisco, CA",PHX,"Phoenix, AZ",SFO-PHX,37.619,-122.375,33.4343,-112.012
UA,SFO,"San Francisco, CA",PIT,"Pittsburgh, PA",SFO-PIT,37.619,-122.375,40.4915,-80.2329
UA,SFO,"San Francisco, CA",PSP,"Palm Springs, CA",SFO-PSP,37.619,-122.375,33.8297,-116.507
UA,SFO,"San Francisco, CA",RDU,"Raleigh/Durham, NC",SFO-RDU,37.619,-122.375,35.8776,-78.7875
UA,SFO,"San Francisco, CA",RNO,"Reno, NV",SFO-RNO,37.619,-122.375,39.4991,-119.76799999999999
UA,SFO,"San Francisco, CA",SAN,"San Diego, CA",SFO-SAN,37.619,-122.375,32.7336,-117.19
UA,SFO,"San Francisco, CA",SBA,"Santa Barbara, CA",SFO-SBA,37.619,-122.375,34.4262,-119.84
UA,SFO,"San Francisco, CA",SEA,"Seattle, WA",SFO-SEA,37.619,-122.375,47.449,-122.309
UA,SFO,"San Francisco, CA",SLC,"Salt Lake City, UT",SFO-SLC,37.619,-122.375,40.7884,-111.978
UA,SFO,"San Francisco, CA",SMF,"Sacramento, CA",SFO-SMF,37.619,-122.375,38.6954,-121.59100000000001
UA,SFO,"San Francisco, CA",SNA,"Santa Ana, CA",SFO-SNA,37.619,-122.375,33.6757,-117.868
UA,SFO,"San Francisco, CA",TPA,"Tampa, FL",SFO-TPA,37.619,-122.375,27.9755,-82.5332
UA,SJC,"San Jose, CA",DEN,"Denver, CO",SJC-DEN,37.3626,-121.929,39.8617,-104.67299999999999
UA,SJC,"San Jose, CA",EWR,"Newark, NJ",SJC-EWR,37.3626,-121.929,40.6925,-74.1686
UA,SJC,"San Jose, CA",IAH,"Houston, TX",SJC-IAH,37.3626,-121.929,29.9844,-95.3414
UA,SJC,"San Jose, CA",ORD,"Chicago, IL",SJC-ORD,37.3626,-121.929,41.9786,-87.9047
UA,SJU,"San Juan, PR",EWR,"Newark, NJ",SJU-EWR,18.4394,-66.0018,40.6925,-74.1686
UA,SJU,"San Juan, PR",IAD,"Washington, DC",SJU-IAD,18.4394,-66.0018,38.9445,-77.4558
UA,SJU,"San Juan, PR",IAH,"Houston, TX",SJU-IAH,18.4394,-66.0018,29.9844,-95.3414
UA,SJU,"San Juan, PR",ORD,"Chicago, IL",SJU-ORD,18.4394,-66.0018,41.9786,-87.9047
UA,SLC,"Salt Lake City, UT",DEN,"Denver, CO",SLC-DEN,40.7884,-111.978,39.8617,-104.67299999999999
UA,SLC,"Salt Lake City, UT",EWR,"Newark, NJ",SLC-EWR,40.7884,-111.978,40.6925,-74.1686
UA,SLC,"Salt Lake City, UT",IAH,"Houston, TX",SLC-IAH,40.7884,-111.978,29.9844,-95.3414
UA,SLC,"Salt Lake City, UT",ORD,"Chicago, IL",SLC-ORD,40.7884,-111.978,41.9786,-87.9047
UA,SMF,"Sacramento, CA",DEN,"Denver, CO",SMF-DEN,38.6954,-121.59100000000001,39.8617,-104.67299999999999
UA,SMF,"Sacramento, CA",EWR,"Newark, NJ",SMF-EWR,38.6954,-121.59100000000001,40.6925,-74.1686
UA,SMF,"Sacramento, CA",IAD,"Washington, DC",SMF-IAD,38.6954,-121.59100000000001,38.9445,-77.4558
UA,SMF,"Sacramento, CA",IAH,"Houston, TX",SMF-IAH,38.6954,-121.59100000000001,29.9844,-95.3414
UA,SMF,"Sacramento, CA",ORD,"Chicago, IL",SMF-ORD,38.6954,-121.59100000000001,41.9786,-87.9047
UA,SMF,"Sacramento, CA",SFO,"San Francisco, CA",SMF-SFO,38.6954,-121.59100000000001,37.619,-122.375
UA,SNA,"Santa Ana, CA",DEN,"Denver, CO",SNA-DEN,33.6757,-117.868,39.8617,-104.67299999999999
UA,SNA,"Santa Ana, CA",EWR,"Newark, NJ",SNA-EWR,33.6757,-117.868,40.6925,-74.1686
UA,SNA,"Santa Ana, CA",IAH,"Houston, TX",SNA-IAH,33.6757,-117.868,29.9844,-95.3414
UA,SNA,"Santa Ana, CA",ORD,"Chicago, IL",SNA-ORD,33.6757,-117.868,41.9786,-87.9047
UA,SNA,"Santa Ana, CA",SFO,"San Francisco, CA",SNA-SFO,33.6757,-117.868,37.619,-122.375
UA,SRQ,"Sarasota/Bradenton, FL",EWR,"Newark, NJ",SRQ-EWR,27.3954,-82.5544,40.6925,-74.1686
UA,SRQ,"Sarasota/Bradenton, FL",ORD,"Chicago, IL",SRQ-ORD,27.3954,-82.5544,41.9786,-87.9047
UA,TPA,"Tampa, FL",DEN,"Denver, CO",TPA-DEN,27.9755,-82.5332,39.8617,-104.67299999999999
UA,TPA,"Tampa, FL",EWR,"Newark, NJ",TPA-EWR,27.9755,-82.5332,40.6925,-74.1686
UA,TPA,"Tampa, FL",IAD,"Washington, DC",TPA-IAD,27.9755,-82.5332,38.9445,-77.4558
UA,TPA,"Tampa, FL",IAH,"Houston, TX",TPA-IAH,27.9755,-82.5332,29.9844,-95.3414
UA,TPA,"Tampa, FL",ORD,"Chicago, IL",TPA-ORD,27.9755,-82.5332,41.9786,-87.9047
UA,TPA,"Tampa, FL",SFO,"San Francisco, CA",TPA-SFO,27.9755,-82.5332,37.619,-122.375
UA,TUS,"Tucson, AZ",DEN,"Denver, CO",TUS-DEN,32.1161,-110.941,39.8617,-104.67299999999999
UA,TUS,"Tucson, AZ",IAH,"Houston, TX",TUS-IAH,32.1161,-110.941,29.9844,-95.3414
UA,TYS,"Knoxville, TN",EWR,"Newark, NJ",TYS-EWR,35.811,-83.994,40.6925,-74.1686